no.,fake.name,sector,pretest,state,gender,pre,email,phone
1,Pont,Private,1352,NY,F,High,Pont@...com,xxx-xx-6216
2,Street,NGO,1438,CA,F,High,Street@...com,xxx-xx-6405
3,Galvan,Private,1389,NY,F,High,Galvan@...com,xxx-xx-9195
4,Gorman,NGO,1375,CA,F,High,Gorman@...com,xxx-xx-1845
5,Jacinto,Private,1386,CA,F,High,Jacinto@...com,xxx-xx-6237
6,Shah,Public,1384,CA,F,High,Shah@...com,xxx-xx-5723
7,Randon,Private,1360,TX,F,High,Randon@...com,xxx-xx-7542
8,Koucherik,NGO,1439,NY,F,High,Koucherik@...com,xxx-xx-9137
9,Waters,Industry,1414,TX,F,High,Waters@...com,xxx-xx-7560
10,David,Industry,1396,CA,F,High,David@...com,xxx-xx-6498
11,Morales,NGO,1532,CA,F,High,Morales@...com,xxx-xx-2003
12,Seubert,Public,1376,TX,F,High,Seubert@...com,xxx-xx-7361
13,Shaver,Education,1414,TX,F,High,Shaver@...com,xxx-xx-4419
14,Smeal,Private,1375,CA,F,High,Smeal@...com,xxx-xx-9878
15,Engman,Education,1436,CA,F,High,Engman@...com,xxx-xx-9446
16,Rich,Education,1438,CA,F,High,Rich@...com,xxx-xx-5253
17,Olguin,Public,1382,TX,F,High,Olguin@...com,xxx-xx-8455
18,al-Zafar,NGO,1455,CA,F,High,al-Zafar@...com,xxx-xx-4900
19,Perez-Estrada,Education,1354,NY,F,High,Perez-Estrada@...com,xxx-xx-8665
20,Bissey,Education,1435,TX,F,High,Bissey@...com,xxx-xx-2149
21,Thompson Wilson,Industry,1359,TX,F,High,Thompson Wilson@...com,xxx-xx-2868
22,Johnson,Industry,1366,CA,F,High,Johnson@...com,xxx-xx-8887
23,Martinez,Education,1449,TX,F,High,Martinez@...com,xxx-xx-7723
24,Johnson,Industry,1379,NY,F,High,Johnson@...com,xxx-xx-2650
25,Shrestha,Industry,1368,CA,F,High,Shrestha@...com,xxx-xx-5858
26,Rojas,Education,1430,TX,F,High,Rojas@...com,xxx-xx-9512
27,Zarcula,NGO,1450,TX,F,High,Zarcula@...com,xxx-xx-4611
28,el-Tabatabai,Education,1419,CA,F,High,el-Tabatabai@...com,xxx-xx-7923
29,Martinez,Education,1362,TX,F,High,Martinez@...com,xxx-xx-4601
30,al-Azam,NGO,1457,CA,F,High,al-Azam@...com,xxx-xx-8483
31,Hewlett,Industry,1379,CA,F,High,Hewlett@...com,xxx-xx-6455
32,Brassard,Industry,1374,NY,M,High,Brassard@...com,xxx-xx-4893
33,Hernandez,Industry,1354,TX,M,High,Hernandez@...com,xxx-xx-7837
34,Farris-Neal,Private,1394,CA,M,High,Farris-Neal@...com,xxx-xx-7020
35,Morales,Public,1447,NY,M,High,Morales@...com,xxx-xx-7462
36,Gitschlag,Education,1367,TX,M,High,Gitschlag@...com,xxx-xx-2501
37,el-Abed,Public,1353,NY,M,High,el-Abed@...com,xxx-xx-8980
38,Cheung,Industry,1437,TX,M,High,Cheung@...com,xxx-xx-4234
39,Trobiani,Private,1442,CA,M,High,Trobiani@...com,xxx-xx-4945
40,Thierry,Education,1391,TX,M,High,Thierry@...com,xxx-xx-7176
41,Brady,Private,1517,NY,M,High,Brady@...com,xxx-xx-5769
42,Chun,Education,1395,TX,M,High,Chun@...com,xxx-xx-1928
43,Villegas,Public,1353,NY,M,High,Villegas@...com,xxx-xx-6921
44,Komrofske,Public,1483,CA,M,High,Komrofske@...com,xxx-xx-5743
45,Ofsowitz,Private,1529,TX,M,High,Ofsowitz@...com,xxx-xx-6792
46,Zebulun,Public,1422,NY,M,High,Zebulun@...com,xxx-xx-3059
47,el-Azizi,NGO,1368,NY,M,High,el-Azizi@...com,xxx-xx-4400
48,Romero,Private,1377,CA,M,High,Romero@...com,xxx-xx-3962
49,Sanchez,NGO,1469,CA,M,High,Sanchez@...com,xxx-xx-9159
50,Salas-Smith,Industry,1456,NY,M,High,Salas-Smith@...com,xxx-xx-9774
51,Perez Puga,Industry,1383,TX,M,High,Perez Puga@...com,xxx-xx-7235
52,Montalbo,Industry,1380,CA,M,High,Montalbo@...com,xxx-xx-7096
53,Bushman,Industry,1447,CA,M,High,Bushman@...com,xxx-xx-3215
54,Schipper,Industry,1435,TX,M,High,Schipper@...com,xxx-xx-6861
55,el-Javid,Education,1388,NY,M,High,el-Javid@...com,xxx-xx-1776
56,Tolbert,Public,1489,CA,M,High,Tolbert@...com,xxx-xx-6013
57,Montoya,Private,1501,TX,M,High,Montoya@...com,xxx-xx-6919
58,Rivera,NGO,1493,TX,M,High,Rivera@...com,xxx-xx-6856
59,Mckee,NGO,1360,NY,M,High,Mckee@...com,xxx-xx-5083
60,Kagiyama,Industry,1351,NY,M,High,Kagiyama@...com,xxx-xx-4360
61,al-Farha,Education,1388,NY,M,High,al-Farha@...com,xxx-xx-6376
62,Jaramillo,Public,1410,CA,M,High,Jaramillo@...com,xxx-xx-9995
63,Bartoszek,Industry,1092,TX,F,Low,Bartoszek@...com,xxx-xx-4757
64,Voyles,Public,1194,TX,F,Low,Voyles@...com,xxx-xx-5561
65,el-Hamidi,Industry,1136,NY,F,Low,el-Hamidi@...com,xxx-xx-2026
66,Sharza,NGO,1141,TX,F,Low,Sharza@...com,xxx-xx-1405
67,Ornelas,Industry,1164,TX,F,Low,Ornelas@...com,xxx-xx-4792
68,Preap,Education,1247,CA,F,Low,Preap@...com,xxx-xx-1280
69,Anderson,Public,1096,NY,F,Low,Anderson@...com,xxx-xx-2032
70,Avants,Private,1241,CA,F,Low,Avants@...com,xxx-xx-6477
71,el-Azam,Education,1248,NY,F,Low,el-Azam@...com,xxx-xx-6206
72,el-Haider,Education,1237,CA,F,Low,el-Haider@...com,xxx-xx-9892
73,Thompson,Private,1159,NY,F,Low,Thompson@...com,xxx-xx-3948
74,al-Yassin,Education,1201,NY,F,Low,al-Yassin@...com,xxx-xx-3045
75,Chukwuka,NGO,1182,NY,F,Low,Chukwuka@...com,xxx-xx-6088
76,al-Rasul,Industry,1124,TX,F,Low,al-Rasul@...com,xxx-xx-9271
77,Osman,Industry,1225,NY,F,Low,Osman@...com,xxx-xx-2860
78,Grossan,NGO,1125,NY,F,Low,Grossan@...com,xxx-xx-6681
79,Teague,NGO,1115,TX,F,Low,Teague@...com,xxx-xx-2304
80,Zimah,Education,1248,TX,F,Low,Zimah@...com,xxx-xx-1563
81,Broderick,Public,1149,NY,F,Low,Broderick@...com,xxx-xx-7258
82,Ruybal,Private,1165,CA,F,Low,Ruybal@...com,xxx-xx-2551
83,Montelongo Declay,Private,1215,TX,F,Low,Montelongo Declay@...com,xxx-xx-2423
84,Nteza,Education,1216,NY,F,Low,Nteza@...com,xxx-xx-6801
85,el-Gaber,Industry,1207,TX,F,Low,el-Gaber@...com,xxx-xx-2477
86,Walker,Private,1243,TX,F,Low,Walker@...com,xxx-xx-4703
87,el-Hanif,Education,1207,CA,F,Low,el-Hanif@...com,xxx-xx-6273
88,Nguyen,Private,1210,NY,F,Low,Nguyen@...com,xxx-xx-9995
89,Grasso,Public,1106,TX,F,Low,Grasso@...com,xxx-xx-1827
90,Esquivel,NGO,1234,TX,F,Low,Esquivel@...com,xxx-xx-9065
91,Thammavong,Public,1093,NY,F,Low,Thammavong@...com,xxx-xx-9122
92,Chin,NGO,1245,CA,F,Low,Chin@...com,xxx-xx-3094
93,White,Public,1203,TX,F,Low,White@...com,xxx-xx-1421
94,Vermillion,Education,1203,CA,M,Low,Vermillion@...com,xxx-xx-5576
95,Ly,NGO,1178,TX,M,Low,Ly@...com,xxx-xx-6461
96,Emens,NGO,1175,CA,M,Low,Emens@...com,xxx-xx-4816
97,Reece,NGO,1162,NY,M,Low,Reece@...com,xxx-xx-1594
98,Meisner,Industry,1194,TX,M,Low,Meisner@...com,xxx-xx-5254
99,Lund,NGO,1232,NY,M,Low,Lund@...com,xxx-xx-3963
100,Sandoval,Private,1247,NY,M,Low,Sandoval@...com,xxx-xx-9186
101,Ponce,Private,1237,NY,M,Low,Ponce@...com,xxx-xx-3222
102,Ocana,Education,1173,TX,M,Low,Ocana@...com,xxx-xx-6393
103,Mao,NGO,1235,TX,M,Low,Mao@...com,xxx-xx-2090
104,Sarabia,Public,1244,NY,M,Low,Sarabia@...com,xxx-xx-7927
105,el-Rehmann,Public,1094,NY,M,Low,el-Rehmann@...com,xxx-xx-5095
106,Barree,NGO,1232,NY,M,Low,Barree@...com,xxx-xx-1722
107,Mccants,NGO,1233,TX,M,Low,Mccants@...com,xxx-xx-6305
108,Hall,Public,1211,TX,M,Low,Hall@...com,xxx-xx-1049
109,Linear,Private,1208,NY,M,Low,Linear@...com,xxx-xx-4061
110,Tenorio,NGO,1175,NY,M,Low,Tenorio@...com,xxx-xx-5423
111,Garcia,Public,1248,NY,M,Low,Garcia@...com,xxx-xx-5718
112,el-Salam,Public,1247,NY,M,Low,el-Salam@...com,xxx-xx-9549
113,Orth,NGO,1203,CA,M,Low,Orth@...com,xxx-xx-9872
114,Mendoza,NGO,1239,TX,M,Low,Mendoza@...com,xxx-xx-2486
115,Bailey,Private,1212,NY,M,Low,Bailey@...com,xxx-xx-8183
116,Koenigseker,NGO,1152,TX,M,Low,Koenigseker@...com,xxx-xx-8651
117,Sommerville,NGO,1155,CA,M,Low,Sommerville@...com,xxx-xx-6141
118,Padilla,Industry,1215,TX,M,Low,Padilla@...com,xxx-xx-9752
119,Hashman,Industry,1098,TX,M,Low,Hashman@...com,xxx-xx-3637
120,Nolasco,Private,1235,TX,M,Low,Nolasco@...com,xxx-xx-7307
121,Bonser,Industry,1206,CA,M,Low,Bonser@...com,xxx-xx-3166
122,Kacprowicz,NGO,1169,NY,M,Low,Kacprowicz@...com,xxx-xx-5473
123,Miera,Industry,1238,TX,M,Low,Miera@...com,xxx-xx-1057
124,Johnston,Private,1185,NY,M,Low,Johnston@...com,xxx-xx-8766
125,Sanchez,NGO,1304,CA,F,Medium,Sanchez@...com,xxx-xx-1383
126,Lowman,NGO,1263,NY,F,Medium,Lowman@...com,xxx-xx-9909
127,el-Rehmann,NGO,1309,NY,F,Medium,el-Rehmann@...com,xxx-xx-4155
128,Cuizon,Education,1261,NY,F,Medium,Cuizon@...com,xxx-xx-2134
129,al-Tamer,Public,1255,TX,F,Medium,al-Tamer@...com,xxx-xx-9907
130,al-Madani,Industry,1337,CA,F,Medium,al-Madani@...com,xxx-xx-1138
131,Gayagoy,Industry,1290,NY,F,Medium,Gayagoy@...com,xxx-xx-4099
132,Mather,NGO,1324,NY,F,Medium,Mather@...com,xxx-xx-2965
133,Mulligan,Private,1262,NY,F,Medium,Mulligan@...com,xxx-xx-3607
134,Tesfay,Education,1337,CA,F,Medium,Tesfay@...com,xxx-xx-9177
135,al-Salim,Industry,1343,NY,F,Medium,al-Salim@...com,xxx-xx-6978
136,al-Mustafa,NGO,1313,CA,F,Medium,al-Mustafa@...com,xxx-xx-3359
137,el-Mahdi,NGO,1256,CA,F,Medium,el-Mahdi@...com,xxx-xx-7670
138,Lee,Private,1258,TX,F,Medium,Lee@...com,xxx-xx-6286
139,Wing,Public,1286,TX,F,Medium,Wing@...com,xxx-xx-4764
140,Lanckriet,Industry,1280,CA,F,Medium,Lanckriet@...com,xxx-xx-7332
141,Bluford,Public,1277,NY,F,Medium,Bluford@...com,xxx-xx-4614
142,Metts,Industry,1292,NY,F,Medium,Metts@...com,xxx-xx-8784
143,Smith,Private,1343,NY,F,Medium,Smith@...com,xxx-xx-5384
144,Mcknight,Industry,1307,CA,F,Medium,Mcknight@...com,xxx-xx-8715
145,al-Naqvi,Private,1345,NY,F,Medium,al-Naqvi@...com,xxx-xx-2387
146,Bui,Private,1315,NY,F,Medium,Bui@...com,xxx-xx-7513
147,Calderon,Public,1255,CA,F,Medium,Calderon@...com,xxx-xx-2807
148,Hoang,Private,1298,NY,F,Medium,Hoang@...com,xxx-xx-4749
149,Cobb,Public,1334,CA,F,Medium,Cobb@...com,xxx-xx-6762
150,el-Aman,NGO,1295,TX,F,Medium,el-Aman@...com,xxx-xx-7370
151,White,Private,1300,TX,F,Medium,White@...com,xxx-xx-3898
152,Rinhart,Private,1325,NY,F,Medium,Rinhart@...com,xxx-xx-8228
153,al-Mina,Public,1317,TX,F,Medium,al-Mina@...com,xxx-xx-9681
154,Batrez,NGO,1342,CA,F,Medium,Batrez@...com,xxx-xx-7768
155,Schertz,Public,1334,TX,F,Medium,Schertz@...com,xxx-xx-8645
156,Stiens,Private,1281,TX,F,Medium,Stiens@...com,xxx-xx-3636
157,Abeyta,Private,1269,NY,F,Medium,Abeyta@...com,xxx-xx-4436
158,Pena,NGO,1293,NY,F,Medium,Pena@...com,xxx-xx-7209
159,Mcclain,Industry,1317,TX,F,Medium,Mcclain@...com,xxx-xx-8494
160,el-Ayoub,Public,1251,CA,F,Medium,el-Ayoub@...com,xxx-xx-3099
161,Mccall,Industry,1297,NY,F,Medium,Mccall@...com,xxx-xx-1338
162,Kiyota,Private,1309,CA,F,Medium,Kiyota@...com,xxx-xx-9231
163,Taylor,NGO,1321,CA,F,Medium,Taylor@...com,xxx-xx-5795
164,Valdez,Industry,1297,NY,M,Medium,Valdez@...com,xxx-xx-9406
165,Harmoush,Industry,1287,NY,M,Medium,Harmoush@...com,xxx-xx-1420
166,al-Begum,Private,1331,NY,M,Medium,al-Begum@...com,xxx-xx-1245
167,al-Dallal,Private,1341,TX,M,Medium,al-Dallal@...com,xxx-xx-8725
168,Murray,Private,1321,NY,M,Medium,Murray@...com,xxx-xx-6267
169,Jaramillo Reyes,Public,1272,CA,M,Medium,Jaramillo Reyes@...com,xxx-xx-2276
170,Jacket,Education,1263,TX,M,Medium,Jacket@...com,xxx-xx-7594
171,Morquecho,Public,1279,CA,M,Medium,Morquecho@...com,xxx-xx-9916
172,Johnson,Public,1284,CA,M,Medium,Johnson@...com,xxx-xx-8374
173,Meade,Public,1344,NY,M,Medium,Meade@...com,xxx-xx-9677
174,Williams-Bright,Education,1315,TX,M,Medium,Williams-Bright@...com,xxx-xx-8533
175,Estupinan,Public,1299,NY,M,Medium,Estupinan@...com,xxx-xx-6620
176,Steinbach,NGO,1340,TX,M,Medium,Steinbach@...com,xxx-xx-9255
177,Roach,Public,1336,CA,M,Medium,Roach@...com,xxx-xx-8538
178,Wheeler,Industry,1290,NY,M,Medium,Wheeler@...com,xxx-xx-2967
179,Charley,NGO,1267,NY,M,Medium,Charley@...com,xxx-xx-7791
180,Estudillo,NGO,1281,NY,M,Medium,Estudillo@...com,xxx-xx-1090
181,Gloria,Industry,1338,TX,M,Medium,Gloria@...com,xxx-xx-1369
182,Jones,NGO,1347,NY,M,Medium,Jones@...com,xxx-xx-4635
183,Ramirez,NGO,1268,TX,M,Medium,Ramirez@...com,xxx-xx-7256
184,Diaz Toledo,Public,1304,CA,M,Medium,Diaz Toledo@...com,xxx-xx-6118
185,el-Aman,Industry,1308,TX,M,Medium,el-Aman@...com,xxx-xx-6113
186,Driver,Education,1310,CA,M,Medium,Driver@...com,xxx-xx-3369
187,Flowers,NGO,1269,TX,M,Medium,Flowers@...com,xxx-xx-2752
188,Alex,NGO,1349,NY,M,Medium,Alex@...com,xxx-xx-3274
189,Mundorf,NGO,1318,NY,M,Medium,Mundorf@...com,xxx-xx-4412
190,Xiong,Education,1304,TX,M,Medium,Xiong@...com,xxx-xx-7409
191,Thomas,Private,1273,TX,M,Medium,Thomas@...com,xxx-xx-8639
192,Lucero,Private,1304,CA,M,Medium,Lucero@...com,xxx-xx-3017
193,Anderson,Education,1283,CA,M,Medium,Anderson@...com,xxx-xx-5970
194,el-Husain,Public,1255,CA,M,Medium,el-Husain@...com,xxx-xx-9031
195,Thornton,Private,1313,CA,M,Medium,Thornton@...com,xxx-xx-7606
196,Mccoy,NGO,1267,TX,M,Medium,Mccoy@...com,xxx-xx-9778
197,Vazquez Topete,Education,1349,NY,M,Medium,Vazquez Topete@...com,xxx-xx-2640
198,Gibbons,NGO,1300,NY,M,Medium,Gibbons@...com,xxx-xx-8595
199,Egan,Private,1319,NY,M,Medium,Egan@...com,xxx-xx-2361
200,Allen,Industry,1344,TX,M,Medium,Allen@...com,xxx-xx-5777
